{"cameraMode":{"drawMode":0,"name":"Shaded","section":"Shading Mode"},"sceneLighting":false,"audioPlay":false,"sceneViewState":{"showFog":true,"showMaterialUpdate":false,"showSkybox":false,"showFlares":true,"showImageEffects":true,"showParticleSystems":true},"in2DMode":false,"pivot":{"x":2.4776623249053957,"y":-1.2597606182098389,"z":2.679194450378418},"rotation":{"x":-0.06840144097805023,"y":-0.20151497423648835,"z":0.01410837285220623,"w":-0.9769929051399231},"size":2.975748300552368,"orthographic":false}