{"cameraMode":{"drawMode":0,"name":"Shaded","section":"Shading Mode"},"sceneLighting":false,"audioPlay":false,"sceneViewState":{"showFog":true,"showMaterialUpdate":false,"showSkybox":false,"showFlares":true,"showImageEffects":true,"showParticleSystems":true},"in2DMode":false,"pivot":{"x":5.042901992797852,"y":0.27354657649993899,"z":-4.7465949058532719},"rotation":{"x":0.23742574453353883,"y":0.6715826392173767,"z":-0.2420295625925064,"w":0.6588078141212463},"size":0.539426326751709,"orthographic":false}