{"cameraMode":{"drawMode":0,"name":"Shaded","section":"Shading Mode"},"sceneLighting":false,"audioPlay":false,"sceneViewState":{"showFog":true,"showMaterialUpdate":false,"showSkybox":false,"showFlares":true,"showImageEffects":true,"showParticleSystems":true},"in2DMode":false,"pivot":{"x":0.6332950592041016,"y":0.27048957347869875,"z":0.1396932601928711},"rotation":{"x":-0.17044991254806519,"y":-0.2208402007818222,"z":0.0392448715865612,"w":-0.9595184922218323},"size":2.474282741546631,"orthographic":false}