{"cameraMode":{"drawMode":1,"name":"Wireframe","section":"Shading Mode"},"sceneLighting":false,"audioPlay":false,"sceneViewState":{"showFog":true,"showMaterialUpdate":false,"showSkybox":false,"showFlares":true,"showImageEffects":true,"showParticleSystems":true},"in2DMode":false,"pivot":{"x":-0.13252520561218263,"y":0.10554623603820801,"z":9.952853202819825},"rotation":{"x":0.3176994025707245,"y":-0.629605770111084,"z":0.32740387320518496,"w":0.6288912892341614},"size":0.7156919836997986,"orthographic":false}